<Anims>
 <anim name="anim" root="lunarplanthat" numframes="25" framerate="40">
  <frame idx="0" w="383" h="282" x="4.624939" y="-35.249939">
   <element name="hat01" layername="ha" frame="3" z_index="12" m_a="1.000000" m_b="0.000000" m_c="0.000000" m_d="1.000000" m_tx="0.000000" m_ty="0.000000"/>
  </frame>
 </anim>
 <anim name="broken" root="lunarplanthat" numframes="50" framerate="40">
  <frame idx="0" w="383" h="282" x="4.624939" y="-35.249939">
   <element name="hat01" layername="ha" frame="4" z_index="12" m_a="1.000000" m_b="0.000000" m_c="0.000000" m_d="1.000000" m_tx="0.000000" m_ty="0.000000"/>
  </frame>
  <frame idx="25" w="383" h="282" x="4.624939" y="-35.249939">
   <element name="hat01" layername="ha" frame="4" z_index="12" m_a="1.000000" m_b="0.000000" m_c="0.000000" m_d="1.000000" m_tx="0.000000" m_ty="0.000000"/>
  </frame>
 </anim>
 <anim name="idle1" root="lunarplanthat" numframes="800" framerate="40">
  <frame idx="0" w="390" h="574" x="2.674988" y="-150.762543">
   <element name="glow01" layername="glo" frame="2" z_index="8" m_a="1.155362" m_b="-0.034950" m_c="0.030237" m_d="0.999543" m_tx="45.150002" m_ty="-45.750000"/>
   <element name="glow01" layername="glo" frame="1" z_index="9" m_a="1.000000" m_b="0.000000" m_c="0.000000" m_d="1.000000" m_tx="-49.250000" m_ty="-40.650002"/>
   <element name="glow01" layername="glo" frame="4" z_index="10" m_a="1.000000" m_b="0.000000" m_c="0.000000" m_d="1.000000" m_tx="-1.900000" m_ty="-17.450001"/>
   <element name="hat01" layername="ha" frame="0" z_index="11" m_a="1.000000" m_b="0.000000" m_c="0.000000" m_d="1.000000" m_tx="0.000000" m_ty="0.000000"/>
   <element name="float_top" layername="float_top" frame="0" z_index="12" m_a="1.000000" m_b="0.000000" m_c="0.000000" m_d="1.000000" m_tx="-6.000000" m_ty="-217.899994"/>
  </frame>
  <frame idx="25" w="390" h="574" x="2.674988" y="-150.762543">
   <element name="glow01" layername="glo" frame="2" z_index="8" m_a="1.156559" m_b="-0.034986" m_c="0.030268" m_d="1.000579" m_tx="45.176765" m_ty="-45.801174"/>
   <element name="glow01" layername="glo" frame="1" z_index="9" m_a="1.000640" m_b="0.000000" m_c="0.000000" m_d="1.000640" m_tx="-49.272793" m_ty="-40.678677"/>
   <element name="glow01" layername="glo" frame="4" z_index="10" m_a="1.000993" m_b="0.000000" m_c="0.000000" m_d="1.000993" m_tx="-1.899471" m_ty="-17.443604"/>
   <element name="hat01" layername="ha" frame="0" z_index="11" m_a="1.000000" m_b="0.000000" m_c="0.000000" m_d="1.000000" m_tx="0.000000" m_ty="0.000000"/>
   <element name="float_top" layername="float_top" frame="0" z_index="12" m_a="1.000000" m_b="0.000000" m_c="0.000000" m_d="1.000000" m_tx="-6.000000" m_ty="-217.899994"/>
  </frame>
  <frame idx="50" w="390" h="571" x="2.674988" y="-150.356903">
   <element name="glow01" layername="glo" frame="2" z_index="8" m_a="1.159545" m_b="-0.035076" m_c="0.030346" m_d="1.003157" m_tx="45.243469" m_ty="-45.928883"/>
   <element name="glow01" layername="glo" frame="1" z_index="9" m_a="1.002247" m_b="0.000000" m_c="0.000000" m_d="1.002247" m_tx="-49.329727" m_ty="-40.750141"/>
   <element name="glow01" layername="glo" frame="4" z_index="10" m_a="1.003464" m_b="0.000000" m_c="0.000000" m_d="1.003464" m_tx="-1.898145" m_ty="-17.427723"/>
   <element name="hat01" layername="ha" frame="0" z_index="11" m_a="1.000000" m_b="0.000000" m_c="0.000000" m_d="1.000000" m_tx="0.000000" m_ty="0.000000"/>
   <element name="float_top" layername="float_top" frame="0" z_index="12" m_a="1.000000" m_b="0.000000" m_c="0.000000" m_d="1.000000" m_tx="-6.167477" m_ty="-217.088730"/>
  </frame>
  <frame idx="75" w="390" h="577" x="2.674988" y="-151.995850">
   <element name="glow01" layername="glo" frame="2" z_index="8" m_a="1.164536" m_b="-0.035227" m_c="0.030476" m_d="1.007472" m_tx="45.355057" m_ty="-46.142574"/>
   <element name="glow01" layername="glo" frame="1" z_index="9" m_a="1.004934" m_b="0.000000" m_c="0.000000" m_d="1.004934" m_tx="-49.424992" m_ty="-40.869743"/>
   <element name="glow01" layername="glo" frame="4" z_index="10" m_a="1.007596" m_b="0.000000" m_c="0.000000" m_d="1.007596" m_tx="-1.895929" m_ty="-17.401154"/>
   <element name="hat01" layername="ha" frame="0" z_index="11" m_a="1.000000" m_b="0.000000" m_c="0.000000" m_d="1.000000" m_tx="0.000000" m_ty="0.000000"/>
   <element name="float_top" layername="float_top" frame="1" z_index="12" m_a="1.000000" m_b="0.000000" m_c="0.000000" m_d="1.000000" m_tx="-6.345420" m_ty="-216.191650"/>
  </frame>
  <frame idx="100" w="390" h="577" x="2.674988" y="-151.995850">
   <element name="glow01" layername="glo" frame="2" z_index="8" m_a="1.171654" m_b="-0.035443" m_c="0.030663" m_d="1.013636" m_tx="45.514301" m_ty="-46.447498"/>
   <element name="glow01" layername="glo" frame="1" z_index="9" m_a="1.008760" m_b="0.000000" m_c="0.000000" m_d="1.008760" m_tx="-49.560902" m_ty="-41.040501"/>
   <element name="glow01" layername="glo" frame="4" z_index="10" m_a="1.013490" m_b="0.000000" m_c="0.000000" m_d="1.013490" m_tx="-1.892770" m_ty="-17.363199"/>
   <element name="hat01" layername="ha" frame="0" z_index="11" m_a="1.000000" m_b="0.000000" m_c="0.000000" m_d="1.000000" m_tx="0.000000" m_ty="0.000000"/>
   <element name="float_top" layername="float_top" frame="1" z_index="12" m_a="1.000000" m_b="0.000000" m_c="0.000000" m_d="1.000000" m_tx="-6.345420" m_ty="-216.191650"/>
  </frame>
  <frame idx="125" w="390" h="575" x="2.674988" y="-151.237671">
   <element name="glow01" layername="glo" frame="2" z_index="8" m_a="1.181701" m_b="-0.035747" m_c="0.030926" m_d="1.022331" m_tx="45.739006" m_ty="-46.877647"/>
   <element name="glow01" layername="glo" frame="1" z_index="9" m_a="1.014164" m_b="0.000000" m_c="0.000000" m_d="1.014164" m_tx="-49.752666" m_ty="-41.281235"/>
   <element name="glow01" layername="glo" frame="4" z_index="10" m_a="1.021814" m_b="0.000000" m_c="0.000000" m_d="1.021814" m_tx="-1.888314" m_ty="-17.309744"/>
   <element name="hat01" layername="ha" frame="0" z_index="11" m_a="1.000000" m_b="0.000000" m_c="0.000000" m_d="1.000000" m_tx="0.000000" m_ty="0.000000"/>
   <element name="float_top" layername="float_top" frame="1" z_index="12" m_a="1.000000" m_b="0.000000" m_c="0.000000" m_d="1.000000" m_tx="-6.553972" m_ty="-214.675293"/>
  </frame>
  <frame idx="150" w="390" h="581" x="2.674988" y="-153.229156">
   <element name="glow01" layername="glo" frame="2" z_index="8" m_a="1.193619" m_b="-0.036107" m_c="0.031238" m_d="1.032643" m_tx="46.005596" m_ty="-47.387943"/>
   <element name="glow01" layername="glo" frame="1" z_index="9" m_a="1.020575" m_b="0.000000" m_c="0.000000" m_d="1.020575" m_tx="-49.980148" m_ty="-41.566883"/>
   <element name="glow01" layername="glo" frame="4" z_index="10" m_a="1.031685" m_b="0.000000" m_c="0.000000" m_d="1.031685" m_tx="-1.883020" m_ty="-17.246283"/>
   <element name="hat01" layername="ha" frame="0" z_index="11" m_a="1.000000" m_b="0.000000" m_c="0.000000" m_d="1.000000" m_tx="0.000000" m_ty="0.000000"/>
   <element name="float_top" layername="float_top" frame="2" z_index="12" m_a="1.000000" m_b="0.000000" m_c="0.000000" m_d="1.000000" m_tx="-6.618015" m_ty="-214.051926"/>
  </frame>
  <frame idx="175" w="390" h="581" x="2.674988" y="-153.110382">
   <element name="glow01" layername="glo" frame="2" z_index="8" m_a="1.206925" m_b="-0.036510" m_c="0.031586" m_d="1.044154" m_tx="46.303165" m_ty="-47.957573"/>
   <element name="glow01" layername="glo" frame="1" z_index="9" m_a="1.027730" m_b="0.000000" m_c="0.000000" m_d="1.027730" m_tx="-50.234074" m_ty="-41.885792"/>
   <element name="glow01" layername="glo" frame="4" z_index="10" m_a="1.042704" m_b="0.000000" m_c="0.000000" m_d="1.042704" m_tx="-1.877112" m_ty="-17.175398"/>
   <element name="hat01" layername="ha" frame="0" z_index="11" m_a="1.000000" m_b="0.000000" m_c="0.000000" m_d="1.000000" m_tx="0.000000" m_ty="0.000000"/>
   <element name="float_top" layername="float_top" frame="2" z_index="12" m_a="1.000000" m_b="0.000000" m_c="0.000000" m_d="1.000000" m_tx="-7.233160" m_ty="-213.814392"/>
  </frame>
  <frame idx="200" w="390" h="586" x="2.674988" y="-154.462433">
   <element name="glow01" layername="glo" frame="2" z_index="8" m_a="1.220942" m_b="-0.036934" m_c="0.031953" m_d="1.056277" m_tx="46.616501" m_ty="-48.557499"/>
   <element name="glow01" layername="glo" frame="1" z_index="9" m_a="1.035260" m_b="0.000000" m_c="0.000000" m_d="1.035260" m_tx="-50.501499" m_ty="-42.221699"/>
   <element name="glow01" layername="glo" frame="4" z_index="10" m_a="1.054310" m_b="0.000000" m_c="0.000000" m_d="1.054310" m_tx="-1.870900" m_ty="-17.100700"/>
   <element name="hat01" layername="ha" frame="0" z_index="11" m_a="1.000000" m_b="0.000000" m_c="0.000000" m_d="1.000000" m_tx="0.000000" m_ty="0.000000"/>
   <element name="float_top" layername="float_top" frame="3" z_index="12" m_a="1.000000" m_b="0.000000" m_c="0.000000" m_d="1.000000" m_tx="-9.042793" m_ty="-212.974884"/>
  </frame>
  <frame idx="225" w="390" h="586" x="2.674988" y="-154.462433">
   <element name="glow01" layername="glo" frame="2" z_index="8" m_a="1.233531" m_b="-0.037315" m_c="0.032282" m_d="1.067169" m_tx="46.898117" m_ty="-49.096615"/>
   <element name="glow01" layername="glo" frame="1" z_index="9" m_a="1.042032" m_b="0.000000" m_c="0.000000" m_d="1.042032" m_tx="-50.741795" m_ty="-42.523464"/>
   <element name="glow01" layername="glo" frame="4" z_index="10" m_a="1.064744" m_b="0.000000" m_c="0.000000" m_d="1.064744" m_tx="-1.865304" m_ty="-17.033642"/>
   <element name="hat01" layername="ha" frame="0" z_index="11" m_a="1.000000" m_b="0.000000" m_c="0.000000" m_d="1.000000" m_tx="0.000000" m_ty="0.000000"/>
   <element name="float_top" layername="float_top" frame="3" z_index="12" m_a="1.000000" m_b="0.000000" m_c="0.000000" m_d="1.000000" m_tx="-9.042793" m_ty="-212.974884"/>
  </frame>
  <frame idx="250" w="390" h="591" x="2.674988" y="-156.120819">
   <element name="glow01" layername="glo" frame="2" z_index="8" m_a="1.244689" m_b="-0.037652" m_c="0.032574" m_d="1.076818" m_tx="47.147621" m_ty="-49.574287"/>
   <element name="glow01" layername="glo" frame="1" z_index="9" m_a="1.048034" m_b="0.000000" m_c="0.000000" m_d="1.048034" m_tx="-50.954750" m_ty="-42.790840"/>
   <element name="glow01" layername="glo" frame="4" z_index="10" m_a="1.073984" m_b="0.000000" m_c="0.000000" m_d="1.073984" m_tx="-1.860352" m_ty="-16.974253"/>
   <element name="hat01" layername="ha" frame="0" z_index="11" m_a="1.000000" m_b="0.000000" m_c="0.000000" m_d="1.000000" m_tx="0.000000" m_ty="0.000000"/>
   <element name="float_top" layername="float_top" frame="3" z_index="12" m_a="1.000000" m_b="0.000000" m_c="0.000000" m_d="1.000000" m_tx="-9.758971" m_ty="-216.291626"/>
  </frame>
  <frame idx="275" w="390" h="548" x="2.674988" y="-143.362701">
   <element name="glow01" layername="glo" frame="2" z_index="8" m_a="1.254005" m_b="-0.037934" m_c="0.032818" m_d="1.084877" m_tx="47.355984" m_ty="-49.973175"/>
   <element name="glow01" layername="glo" frame="1" z_index="9" m_a="1.053044" m_b="0.000000" m_c="0.000000" m_d="1.053044" m_tx="-51.132591" m_ty="-43.014141"/>
   <element name="glow01" layername="glo" frame="4" z_index="10" m_a="1.081699" m_b="0.000000" m_c="0.000000" m_d="1.081699" m_tx="-1.856219" m_ty="-16.924654"/>
   <element name="hat01" layername="ha" frame="0" z_index="11" m_a="1.000000" m_b="0.000000" m_c="0.000000" m_d="1.000000" m_tx="0.000000" m_ty="0.000000"/>
   <element name="float_top" layername="float_top" frame="4" z_index="12" m_a="1.000000" m_b="0.000000" m_c="0.000000" m_d="1.000000" m_tx="-10.394356" m_ty="-219.475372"/>
  </frame>
  <frame idx="300" w="390" h="548" x="2.674988" y="-143.362701">
   <element name="glow01" layername="glo" frame="2" z_index="8" m_a="1.261123" m_b="-0.038149" m_c="0.033004" m_d="1.091041" m_tx="47.515301" m_ty="-50.278099"/>
   <element name="glow01" layername="glo" frame="1" z_index="9" m_a="1.056870" m_b="0.000000" m_c="0.000000" m_d="1.056870" m_tx="-51.268501" m_ty="-43.184898"/>
   <element name="glow01" layername="glo" frame="4" z_index="10" m_a="1.087600" m_b="0.000000" m_c="0.000000" m_d="1.087600" m_tx="-1.853060" m_ty="-16.886700"/>
   <element name="hat01" layername="ha" frame="0" z_index="11" m_a="1.000000" m_b="0.000000" m_c="0.000000" m_d="1.000000" m_tx="0.000000" m_ty="0.000000"/>
   <element name="float_top" layername="float_top" frame="4" z_index="12" m_a="1.000000" m_b="0.000000" m_c="0.000000" m_d="1.000000" m_tx="-10.394356" m_ty="-219.475372"/>
  </frame>
  <frame idx="325" w="390" h="546" x="2.674988" y="-142.559998">
   <element name="glow01" layername="glo" frame="2" z_index="8" m_a="1.264996" m_b="-0.038266" m_c="0.033106" m_d="1.094392" m_tx="47.601845" m_ty="-50.443836"/>
   <element name="glow01" layername="glo" frame="1" z_index="9" m_a="1.058951" m_b="0.000000" m_c="0.000000" m_d="1.058951" m_tx="-51.342396" m_ty="-43.277622"/>
   <element name="glow01" layername="glo" frame="4" z_index="10" m_a="1.090806" m_b="0.000000" m_c="0.000000" m_d="1.090806" m_tx="-1.851339" m_ty="-16.866112"/>
   <element name="hat01" layername="ha" frame="0" z_index="11" m_a="1.000000" m_b="0.000000" m_c="0.000000" m_d="1.000000" m_tx="0.000000" m_ty="0.000000"/>
   <element name="float_top" layername="float_top" frame="4" z_index="12" m_a="1.000000" m_b="0.000000" m_c="0.000000" m_d="1.000000" m_tx="-12.231855" m_ty="-217.869949"/>
  </frame>
  <frame idx="350" w="390" h="556" x="2.674988" y="-145.418213">
   <element name="glow01" layername="glo" frame="2" z_index="8" m_a="1.267181" m_b="-0.038333" m_c="0.033163" m_d="1.096277" m_tx="47.650646" m_ty="-50.537247"/>
   <element name="glow01" layername="glo" frame="1" z_index="9" m_a="1.060127" m_b="0.000000" m_c="0.000000" m_d="1.060127" m_tx="-51.384029" m_ty="-43.329910"/>
   <element name="glow01" layername="glo" frame="4" z_index="10" m_a="1.092615" m_b="0.000000" m_c="0.000000" m_d="1.092615" m_tx="-1.850371" m_ty="-16.854483"/>
   <element name="hat01" layername="ha" frame="0" z_index="11" m_a="1.000000" m_b="0.000000" m_c="0.000000" m_d="1.000000" m_tx="0.000000" m_ty="0.000000"/>
   <element name="float_top" layername="float_top" frame="5" z_index="12" m_a="1.000000" m_b="0.000000" m_c="0.000000" m_d="1.000000" m_tx="-12.827703" m_ty="-217.267670"/>
  </frame>
  <frame idx="375" w="390" h="555" x="2.674988" y="-145.259674">
   <element name="glow01" layername="glo" frame="2" z_index="8" m_a="1.267690" m_b="-0.038348" m_c="0.033176" m_d="1.096715" m_tx="47.662029" m_ty="-50.558990"/>
   <element name="glow01" layername="glo" frame="1" z_index="9" m_a="1.060403" m_b="0.000000" m_c="0.000000" m_d="1.060403" m_tx="-51.393723" m_ty="-43.342094"/>
   <element name="glow01" layername="glo" frame="4" z_index="10" m_a="1.093036" m_b="0.000000" m_c="0.000000" m_d="1.093036" m_tx="-1.850145" m_ty="-16.851746"/>
   <element name="hat01" layername="ha" frame="0" z_index="11" m_a="1.000000" m_b="0.000000" m_c="0.000000" m_d="1.000000" m_tx="0.000000" m_ty="0.000000"/>
   <element name="float_top" layername="float_top" frame="5" z_index="12" m_a="1.000000" m_b="0.000000" m_c="0.000000" m_d="1.000000" m_tx="-13.004971" m_ty="-216.950638"/>
  </frame>
  <frame idx="400" w="390" h="561" x="2.674988" y="-147.062622">
   <element name="glow01" layername="glo" frame="2" z_index="8" m_a="1.266661" m_b="-0.038317" m_c="0.033149" m_d="1.095829" m_tx="47.639000" m_ty="-50.514900"/>
   <element name="glow01" layername="glo" frame="1" z_index="9" m_a="1.059850" m_b="0.000000" m_c="0.000000" m_d="1.059850" m_tx="-51.374100" m_ty="-43.317402"/>
   <element name="glow01" layername="glo" frame="4" z_index="10" m_a="1.092180" m_b="0.000000" m_c="0.000000" m_d="1.092180" m_tx="-1.850600" m_ty="-16.857201"/>
   <element name="hat01" layername="ha" frame="0" z_index="11" m_a="1.000000" m_b="0.000000" m_c="0.000000" m_d="1.000000" m_tx="0.000000" m_ty="0.000000"/>
   <element name="float_top" layername="float_top" frame="6" z_index="12" m_a="1.000000" m_b="0.000000" m_c="0.000000" m_d="1.000000" m_tx="-13.631609" m_ty="-215.900177"/>
  </frame>
  <frame idx="425" w="390" h="561" x="2.674988" y="-147.062622">
   <element name="glow01" layername="glo" frame="2" z_index="8" m_a="1.263441" m_b="-0.038220" m_c="0.033065" m_d="1.093043" m_tx="47.567013" m_ty="-50.377106"/>
   <element name="glow01" layername="glo" frame="1" z_index="9" m_a="1.058115" m_b="0.000000" m_c="0.000000" m_d="1.058115" m_tx="-51.312630" m_ty="-43.240269"/>
   <element name="glow01" layername="glo" frame="4" z_index="10" m_a="1.089518" m_b="0.000000" m_c="0.000000" m_d="1.089518" m_tx="-1.852034" m_ty="-16.874407"/>
   <element name="hat01" layername="ha" frame="0" z_index="11" m_a="1.000000" m_b="0.000000" m_c="0.000000" m_d="1.000000" m_tx="0.000000" m_ty="0.000000"/>
   <element name="float_top" layername="float_top" frame="6" z_index="12" m_a="1.000000" m_b="0.000000" m_c="0.000000" m_d="1.000000" m_tx="-13.631609" m_ty="-215.900177"/>
  </frame>
  <frame idx="450" w="390" h="561" x="2.674988" y="-147.232941">
   <element name="glow01" layername="glo" frame="2" z_index="8" m_a="1.258502" m_b="-0.038070" m_c="0.032936" m_d="1.088769" m_tx="47.456543" m_ty="-50.165607"/>
   <element name="glow01" layername="glo" frame="1" z_index="9" m_a="1.055459" m_b="0.000000" m_c="0.000000" m_d="1.055459" m_tx="-51.218357" m_ty="-43.121883"/>
   <element name="glow01" layername="glo" frame="4" z_index="10" m_a="1.085428" m_b="0.000000" m_c="0.000000" m_d="1.085428" m_tx="-1.854228" m_ty="-16.900721"/>
   <element name="hat01" layername="ha" frame="0" z_index="11" m_a="1.000000" m_b="0.000000" m_c="0.000000" m_d="1.000000" m_tx="0.000000" m_ty="0.000000"/>
   <element name="float_top" layername="float_top" frame="6" z_index="12" m_a="1.000000" m_b="0.000000" m_c="0.000000" m_d="1.000000" m_tx="-13.352474" m_ty="-216.240814"/>
  </frame>
  <frame idx="475" w="390" h="567" x="2.674988" y="-148.707031">
   <element name="glow01" layername="glo" frame="2" z_index="8" m_a="1.251719" m_b="-0.037865" m_c="0.032758" m_d="1.082900" m_tx="47.304810" m_ty="-49.875126"/>
   <element name="glow01" layername="glo" frame="1" z_index="9" m_a="1.051812" m_b="0.000000" m_c="0.000000" m_d="1.051812" m_tx="-51.088875" m_ty="-42.959274"/>
   <element name="glow01" layername="glo" frame="4" z_index="10" m_a="1.079807" m_b="0.000000" m_c="0.000000" m_d="1.079807" m_tx="-1.857237" m_ty="-16.936840"/>
   <element name="hat01" layername="ha" frame="0" z_index="11" m_a="1.000000" m_b="0.000000" m_c="0.000000" m_d="1.000000" m_tx="0.000000" m_ty="0.000000"/>
   <element name="float_top" layername="float_top" frame="7" z_index="12" m_a="1.000000" m_b="0.000000" m_c="0.000000" m_d="1.000000" m_tx="-12.652700" m_ty="-216.564011"/>
  </frame>
  <frame idx="500" w="390" h="567" x="2.674988" y="-148.707031">
   <element name="glow01" layername="glo" frame="2" z_index="8" m_a="1.243071" m_b="-0.037603" m_c="0.032532" m_d="1.075418" m_tx="47.111401" m_ty="-49.504902"/>
   <element name="glow01" layername="glo" frame="1" z_index="9" m_a="1.047160" m_b="0.000000" m_c="0.000000" m_d="1.047160" m_tx="-50.923801" m_ty="-42.751999"/>
   <element name="glow01" layername="glo" frame="4" z_index="10" m_a="1.072640" m_b="0.000000" m_c="0.000000" m_d="1.072640" m_tx="-1.861070" m_ty="-16.982901"/>
   <element name="hat01" layername="ha" frame="0" z_index="11" m_a="1.000000" m_b="0.000000" m_c="0.000000" m_d="1.000000" m_tx="0.000000" m_ty="0.000000"/>
   <element name="float_top" layername="float_top" frame="7" z_index="12" m_a="1.000000" m_b="0.000000" m_c="0.000000" m_d="1.000000" m_tx="-12.652700" m_ty="-216.564011"/>
  </frame>
  <frame idx="525" w="390" h="570" x="2.674988" y="-149.999695">
   <element name="glow01" layername="glo" frame="2" z_index="8" m_a="1.232275" m_b="-0.037277" m_c="0.032249" m_d="1.066077" m_tx="46.870003" m_ty="-49.042767"/>
   <element name="glow01" layername="glo" frame="1" z_index="9" m_a="1.041359" m_b="0.000000" m_c="0.000000" m_d="1.041359" m_tx="-50.717846" m_ty="-42.493324"/>
   <element name="glow01" layername="glo" frame="4" z_index="10" m_a="1.063699" m_b="0.000000" m_c="0.000000" m_d="1.063699" m_tx="-1.865864" m_ty="-17.040400"/>
   <element name="hat01" layername="ha" frame="0" z_index="11" m_a="1.000000" m_b="0.000000" m_c="0.000000" m_d="1.000000" m_tx="0.000000" m_ty="0.000000"/>
   <element name="float_top" layername="float_top" frame="7" z_index="12" m_a="1.000000" m_b="0.000000" m_c="0.000000" m_d="1.000000" m_tx="-1.019475" m_ty="-219.149384"/>
  </frame>
  <frame idx="550" w="390" h="544" x="2.674988" y="-141.718292">
   <element name="glow01" layername="glo" frame="2" z_index="8" m_a="1.220295" m_b="-0.036914" m_c="0.031936" m_d="1.055711" m_tx="46.602058" m_ty="-48.529831"/>
   <element name="glow01" layername="glo" frame="1" z_index="9" m_a="1.034916" m_b="0.000000" m_c="0.000000" m_d="1.034916" m_tx="-50.489178" m_ty="-42.206165"/>
   <element name="glow01" layername="glo" frame="4" z_index="10" m_a="1.053775" m_b="0.000000" m_c="0.000000" m_d="1.053775" m_tx="-1.871183" m_ty="-17.104202"/>
   <element name="hat01" layername="ha" frame="0" z_index="11" m_a="1.000000" m_b="0.000000" m_c="0.000000" m_d="1.000000" m_tx="0.000000" m_ty="0.000000"/>
   <element name="float_top" layername="float_top" frame="8" z_index="12" m_a="1.000000" m_b="0.000000" m_c="0.000000" m_d="1.000000" m_tx="1.223657" m_ty="-219.811554"/>
  </frame>
  <frame idx="575" w="390" h="543" x="2.674988" y="-141.569733">
   <element name="glow01" layername="glo" frame="2" z_index="8" m_a="1.207647" m_b="-0.036532" m_c="0.031605" m_d="1.044769" m_tx="46.319180" m_ty="-47.988289"/>
   <element name="glow01" layername="glo" frame="1" z_index="9" m_a="1.028113" m_b="0.000000" m_c="0.000000" m_d="1.028113" m_tx="-50.247742" m_ty="-41.902981"/>
   <element name="glow01" layername="glo" frame="4" z_index="10" m_a="1.043297" m_b="0.000000" m_c="0.000000" m_d="1.043297" m_tx="-1.876796" m_ty="-17.171551"/>
   <element name="hat01" layername="ha" frame="0" z_index="11" m_a="1.000000" m_b="0.000000" m_c="0.000000" m_d="1.000000" m_tx="0.000000" m_ty="0.000000"/>
   <element name="float_top" layername="float_top" frame="8" z_index="12" m_a="1.000000" m_b="0.000000" m_c="0.000000" m_d="1.000000" m_tx="1.562357" m_ty="-219.514404"/>
  </frame>
  <frame idx="600" w="390" h="552" x="2.674988" y="-144.184906">
   <element name="glow01" layername="glo" frame="2" z_index="8" m_a="1.194993" m_b="-0.036149" m_c="0.031273" m_d="1.033827" m_tx="46.036301" m_ty="-47.446701"/>
   <element name="glow01" layername="glo" frame="1" z_index="9" m_a="1.021310" m_b="0.000000" m_c="0.000000" m_d="1.021310" m_tx="-50.006302" m_ty="-41.599800"/>
   <element name="glow01" layername="glo" frame="4" z_index="10" m_a="1.032820" m_b="0.000000" m_c="0.000000" m_d="1.032820" m_tx="-1.882410" m_ty="-17.238899"/>
   <element name="hat01" layername="ha" frame="0" z_index="11" m_a="1.000000" m_b="0.000000" m_c="0.000000" m_d="1.000000" m_tx="0.000000" m_ty="0.000000"/>
   <element name="float_top" layername="float_top" frame="9" z_index="12" m_a="1.000000" m_b="0.000000" m_c="0.000000" m_d="1.000000" m_tx="2.731318" m_ty="-218.619827"/>
  </frame>
  <frame idx="625" w="390" h="552" x="2.674988" y="-144.184906">
   <element name="glow01" layername="glo" frame="2" z_index="8" m_a="1.184197" m_b="-0.035822" m_c="0.030991" m_d="1.024486" m_tx="45.794903" m_ty="-46.984566"/>
   <element name="glow01" layername="glo" frame="1" z_index="9" m_a="1.015509" m_b="0.000000" m_c="0.000000" m_d="1.015509" m_tx="-49.800346" m_ty="-41.341125"/>
   <element name="glow01" layername="glo" frame="4" z_index="10" m_a="1.023886" m_b="0.000000" m_c="0.000000" m_d="1.023886" m_tx="-1.887204" m_ty="-17.296400"/>
   <element name="hat01" layername="ha" frame="0" z_index="11" m_a="1.000000" m_b="0.000000" m_c="0.000000" m_d="1.000000" m_tx="0.000000" m_ty="0.000000"/>
   <element name="float_top" layername="float_top" frame="9" z_index="12" m_a="1.000000" m_b="0.000000" m_c="0.000000" m_d="1.000000" m_tx="2.731318" m_ty="-218.619827"/>
  </frame>
  <frame idx="650" w="390" h="552" x="2.674988" y="-144.103699">
   <element name="glow01" layername="glo" frame="2" z_index="8" m_a="1.174776" m_b="-0.035537" m_c="0.030744" m_d="1.016335" m_tx="45.584221" m_ty="-46.581253"/>
   <element name="glow01" layername="glo" frame="1" z_index="9" m_a="1.010443" m_b="0.000000" m_c="0.000000" m_d="1.010443" m_tx="-49.620552" m_ty="-41.115345"/>
   <element name="glow01" layername="glo" frame="4" z_index="10" m_a="1.016083" m_b="0.000000" m_c="0.000000" m_d="1.016083" m_tx="-1.891383" m_ty="-17.346579"/>
   <element name="hat01" layername="ha" frame="0" z_index="11" m_a="1.000000" m_b="0.000000" m_c="0.000000" m_d="1.000000" m_tx="0.000000" m_ty="0.000000"/>
   <element name="float_top" layername="float_top" frame="9" z_index="12" m_a="1.000000" m_b="0.000000" m_c="0.000000" m_d="1.000000" m_tx="-1.762701" m_ty="-218.457397"/>
  </frame>
  <frame idx="675" w="390" h="559" x="2.674988" y="-146.651520">
   <element name="glow01" layername="glo" frame="2" z_index="8" m_a="1.167005" m_b="-0.035302" m_c="0.030541" m_d="1.009614" m_tx="45.410423" m_ty="-46.248554"/>
   <element name="glow01" layername="glo" frame="1" z_index="9" m_a="1.006264" m_b="0.000000" m_c="0.000000" m_d="1.006264" m_tx="-49.472229" m_ty="-40.929089"/>
   <element name="glow01" layername="glo" frame="4" z_index="10" m_a="1.009644" m_b="0.000000" m_c="0.000000" m_d="1.009644" m_tx="-1.894829" m_ty="-17.387985"/>
   <element name="hat01" layername="ha" frame="0" z_index="11" m_a="1.000000" m_b="0.000000" m_c="0.000000" m_d="1.000000" m_tx="0.000000" m_ty="0.000000"/>
   <element name="float_top" layername="float_top" frame="10" z_index="12" m_a="1.000000" m_b="0.000000" m_c="0.000000" m_d="1.000000" m_tx="-6.687305" m_ty="-218.302979"/>
  </frame>
  <frame idx="700" w="390" h="559" x="2.674988" y="-146.651520">
   <element name="glow01" layername="glo" frame="2" z_index="8" m_a="1.161099" m_b="-0.035123" m_c="0.030387" m_d="1.004510" m_tx="45.278301" m_ty="-45.995602"/>
   <element name="glow01" layername="glo" frame="1" z_index="9" m_a="1.003090" m_b="0.000000" m_c="0.000000" m_d="1.003090" m_tx="-49.359501" m_ty="-40.787498"/>
   <element name="glow01" layername="glo" frame="4" z_index="10" m_a="1.004750" m_b="0.000000" m_c="0.000000" m_d="1.004750" m_tx="-1.897450" m_ty="-17.419500"/>
   <element name="hat01" layername="ha" frame="0" z_index="11" m_a="1.000000" m_b="0.000000" m_c="0.000000" m_d="1.000000" m_tx="0.000000" m_ty="0.000000"/>
   <element name="float_top" layername="float_top" frame="10" z_index="12" m_a="1.000000" m_b="0.000000" m_c="0.000000" m_d="1.000000" m_tx="-6.687305" m_ty="-218.302979"/>
  </frame>
  <frame idx="725" w="390" h="557" x="2.674988" y="-145.950043">
   <element name="glow01" layername="glo" frame="2" z_index="8" m_a="1.157880" m_b="-0.035026" m_c="0.030303" m_d="1.001725" m_tx="45.206314" m_ty="-45.857807"/>
   <element name="glow01" layername="glo" frame="1" z_index="9" m_a="1.001355" m_b="0.000000" m_c="0.000000" m_d="1.001355" m_tx="-49.298103" m_ty="-40.710365"/>
   <element name="glow01" layername="glo" frame="4" z_index="10" m_a="1.002088" m_b="0.000000" m_c="0.000000" m_d="1.002088" m_tx="-1.898884" m_ty="-17.436632"/>
   <element name="hat01" layername="ha" frame="0" z_index="11" m_a="1.000000" m_b="0.000000" m_c="0.000000" m_d="1.000000" m_tx="0.000000" m_ty="0.000000"/>
   <element name="float_top" layername="float_top" frame="10" z_index="12" m_a="1.000000" m_b="0.000000" m_c="0.000000" m_d="1.000000" m_tx="-5.603263" m_ty="-216.900024"/>
  </frame>
  <frame idx="750" w="390" h="563" x="2.674988" y="-147.473694">
   <element name="glow01" layername="glo" frame="2" z_index="8" m_a="1.156062" m_b="-0.034971" m_c="0.030255" m_d="1.000150" m_tx="45.165661" m_ty="-45.779984"/>
   <element name="glow01" layername="glo" frame="1" z_index="9" m_a="1.000376" m_b="0.000000" m_c="0.000000" m_d="1.000376" m_tx="-49.263393" m_ty="-40.666794"/>
   <element name="glow01" layername="glo" frame="4" z_index="10" m_a="1.000582" m_b="0.000000" m_c="0.000000" m_d="1.000582" m_tx="-1.899691" m_ty="-17.446291"/>
   <element name="hat01" layername="ha" frame="0" z_index="11" m_a="1.000000" m_b="0.000000" m_c="0.000000" m_d="1.000000" m_tx="0.000000" m_ty="0.000000"/>
   <element name="float_top" layername="float_top" frame="11" z_index="12" m_a="1.000000" m_b="0.000000" m_c="0.000000" m_d="1.000000" m_tx="-5.166256" m_ty="-216.372330"/>
  </frame>
  <frame idx="775" w="390" h="563" x="2.674988" y="-147.473694">
   <element name="glow01" layername="glo" frame="2" z_index="8" m_a="1.155362" m_b="-0.034950" m_c="0.030237" m_d="0.999543" m_tx="45.150002" m_ty="-45.750000"/>
   <element name="glow01" layername="glo" frame="1" z_index="9" m_a="1.000000" m_b="0.000000" m_c="0.000000" m_d="1.000000" m_tx="-49.250000" m_ty="-40.650002"/>
   <element name="glow01" layername="glo" frame="4" z_index="10" m_a="1.000000" m_b="0.000000" m_c="0.000000" m_d="1.000000" m_tx="-1.900000" m_ty="-17.450001"/>
   <element name="hat01" layername="ha" frame="0" z_index="11" m_a="1.000000" m_b="0.000000" m_c="0.000000" m_d="1.000000" m_tx="0.000000" m_ty="0.000000"/>
   <element name="float_top" layername="float_top" frame="11" z_index="12" m_a="1.000000" m_b="0.000000" m_c="0.000000" m_d="1.000000" m_tx="-5.166256" m_ty="-216.372330"/>
  </frame>
 </anim>
 <anim name="idle2" root="lunarplanthat" numframes="800" framerate="40">
  <frame idx="0" w="299" h="671" x="-26.212540" y="-181.713379">
   <element name="glow01" layername="glo" frame="3" z_index="9" m_a="1.000000" m_b="0.000000" m_c="0.000000" m_d="1.000000" m_tx="30.299999" m_ty="-55.500000"/>
   <element name="glow01" layername="glo" frame="0" z_index="10" m_a="0.869614" m_b="-0.036321" m_c="0.042569" m_d="1.019211" m_tx="50.750000" m_ty="-68.949997"/>
   <element name="hat01" layername="ha" frame="1" z_index="11" m_a="1.000000" m_b="0.000000" m_c="0.000000" m_d="1.000000" m_tx="0.000000" m_ty="0.000000"/>
   <element name="float_top" layername="float_top" frame="0" z_index="12" m_a="0.887619" m_b="-0.460541" m_c="0.460541" m_d="0.887619" m_tx="-102.050003" m_ty="-225.350006"/>
  </frame>
  <frame idx="25" w="299" h="671" x="-26.212540" y="-181.713379">
   <element name="glow01" layername="glo" frame="3" z_index="9" m_a="1.000713" m_b="0.000000" m_c="0.000000" m_d="1.000713" m_tx="30.265514" m_ty="-55.480881"/>
   <element name="glow01" layername="glo" frame="0" z_index="10" m_a="0.870754" m_b="-0.036168" m_c="0.042352" m_d="1.019633" m_tx="50.756397" m_ty="-68.969635"/>
   <element name="hat01" layername="ha" frame="1" z_index="11" m_a="1.000000" m_b="0.000000" m_c="0.000000" m_d="1.000000" m_tx="0.000000" m_ty="0.000000"/>
   <element name="float_top" layername="float_top" frame="0" z_index="12" m_a="0.887619" m_b="-0.460541" m_c="0.460541" m_d="0.887619" m_tx="-102.050003" m_ty="-225.350006"/>
  </frame>
  <frame idx="50" w="297" h="669" x="-26.100060" y="-181.314758">
   <element name="glow01" layername="glo" frame="3" z_index="9" m_a="1.002497" m_b="0.000000" m_c="0.000000" m_d="1.002497" m_tx="30.179451" m_ty="-55.433224"/>
   <element name="glow01" layername="glo" frame="0" z_index="10" m_a="0.873597" m_b="-0.035785" m_c="0.041810" m_d="1.020682" m_tx="50.772278" m_ty="-69.018593"/>
   <element name="hat01" layername="ha" frame="1" z_index="11" m_a="1.000000" m_b="0.000000" m_c="0.000000" m_d="1.000000" m_tx="0.000000" m_ty="0.000000"/>
   <element name="float_top" layername="float_top" frame="0" z_index="12" m_a="0.887619" m_b="-0.460541" m_c="0.460541" m_d="0.887619" m_tx="-101.825035" m_ty="-224.552780"/>
  </frame>
  <frame idx="75" w="296" h="675" x="-25.799744" y="-182.963135">
   <element name="glow01" layername="glo" frame="3" z_index="9" m_a="1.005485" m_b="0.000000" m_c="0.000000" m_d="1.005485" m_tx="30.035454" m_ty="-55.353489"/>
   <element name="glow01" layername="glo" frame="0" z_index="10" m_a="0.878353" m_b="-0.035137" m_c="0.040901" m_d="1.022435" m_tx="50.798847" m_ty="-69.100533"/>
   <element name="hat01" layername="ha" frame="1" z_index="11" m_a="1.000000" m_b="0.000000" m_c="0.000000" m_d="1.000000" m_tx="0.000000" m_ty="0.000000"/>
   <element name="float_top" layername="float_top" frame="1" z_index="12" m_a="0.887619" m_b="-0.460541" m_c="0.460541" m_d="0.887619" m_tx="-101.569839" m_ty="-223.674561"/>
  </frame>
  <frame idx="100" w="296" h="675" x="-25.799744" y="-182.963135">
   <element name="glow01" layername="glo" frame="3" z_index="9" m_a="1.009750" m_b="0.000000" m_c="0.000000" m_d="1.009750" m_tx="29.830000" m_ty="-55.239700"/>
   <element name="glow01" layername="glo" frame="0" z_index="10" m_a="0.885140" m_b="-0.034197" m_c="0.039598" m_d="1.024935" m_tx="50.836800" m_ty="-69.217499"/>
   <element name="hat01" layername="ha" frame="1" z_index="11" m_a="1.000000" m_b="0.000000" m_c="0.000000" m_d="1.000000" m_tx="0.000000" m_ty="0.000000"/>
   <element name="float_top" layername="float_top" frame="1" z_index="12" m_a="0.887619" m_b="-0.460541" m_c="0.460541" m_d="0.887619" m_tx="-101.569839" m_ty="-223.674561"/>
  </frame>
  <frame idx="125" w="296" h="673" x="-25.543129" y="-182.242126">
   <element name="glow01" layername="glo" frame="3" z_index="9" m_a="1.015757" m_b="0.000000" m_c="0.000000" m_d="1.015757" m_tx="29.540148" m_ty="-55.079185"/>
   <element name="glow01" layername="glo" frame="0" z_index="10" m_a="0.894711" m_b="-0.032839" m_c="0.037748" m_d="1.028463" m_tx="50.890255" m_ty="-69.382500"/>
   <element name="hat01" layername="ha" frame="1" z_index="11" m_a="1.000000" m_b="0.000000" m_c="0.000000" m_d="1.000000" m_tx="0.000000" m_ty="0.000000"/>
   <element name="float_top" layername="float_top" frame="1" z_index="12" m_a="0.887619" m_b="-0.460541" m_c="0.460541" m_d="0.887619" m_tx="-101.056610" m_ty="-222.232559"/>
  </frame>
  <frame idx="150" w="294" h="678" x="-24.886887" y="-183.793365">
   <element name="glow01" layername="glo" frame="3" z_index="9" m_a="1.022885" m_b="0.000000" m_c="0.000000" m_d="1.022885" m_tx="29.196285" m_ty="-54.888744"/>
   <element name="glow01" layername="glo" frame="0" z_index="10" m_a="0.906063" m_b="-0.031180" m_c="0.035536" m_d="1.032640" m_tx="50.953720" m_ty="-69.578239"/>
   <element name="hat01" layername="ha" frame="1" z_index="11" m_a="1.000000" m_b="0.000000" m_c="0.000000" m_d="1.000000" m_tx="0.000000" m_ty="0.000000"/>
   <element name="float_top" layername="float_top" frame="2" z_index="12" m_a="0.887619" m_b="-0.460541" m_c="0.460541" m_d="0.887619" m_tx="-100.826370" m_ty="-221.649765"/>
  </frame>
  <frame idx="175" w="294" h="677" x="-25.105202" y="-183.546295">
   <element name="glow01" layername="glo" frame="3" z_index="9" m_a="1.030841" m_b="0.000000" m_c="0.000000" m_d="1.030841" m_tx="28.812441" m_ty="-54.676140"/>
   <element name="glow01" layername="glo" frame="0" z_index="10" m_a="0.918733" m_b="-0.029267" m_c="0.033044" m_d="1.037296" m_tx="51.024605" m_ty="-69.796745"/>
   <element name="hat01" layername="ha" frame="1" z_index="11" m_a="1.000000" m_b="0.000000" m_c="0.000000" m_d="1.000000" m_tx="0.000000" m_ty="0.000000"/>
   <element name="float_top" layername="float_top" frame="2" z_index="12" m_a="0.887619" m_b="-0.460541" m_c="0.460541" m_d="0.887619" m_tx="-101.262993" m_ty="-221.155624"/>
  </frame>
  <frame idx="200" w="290" h="677" x="-23.692986" y="-183.607727">
   <element name="glow01" layername="glo" frame="3" z_index="9" m_a="1.039220" m_b="0.000000" m_c="0.000000" m_d="1.039220" m_tx="28.408199" m_ty="-54.452202"/>
   <element name="glow01" layername="glo" frame="0" z_index="10" m_a="0.932073" m_b="-0.027182" m_c="0.030394" m_d="1.042197" m_tx="51.099300" m_ty="-70.026901"/>
   <element name="hat01" layername="ha" frame="1" z_index="11" m_a="1.000000" m_b="0.000000" m_c="0.000000" m_d="1.000000" m_tx="0.000000" m_ty="0.000000"/>
   <element name="float_top" layername="float_top" frame="3" z_index="12" m_a="0.887619" m_b="-0.460541" m_c="0.460541" m_d="0.887619" m_tx="-102.482635" m_ty="-219.577057"/>
  </frame>
  <frame idx="225" w="290" h="677" x="-23.692986" y="-183.607727">
   <element name="glow01" layername="glo" frame="3" z_index="9" m_a="1.046757" m_b="0.000000" m_c="0.000000" m_d="1.046757" m_tx="28.044964" m_ty="-54.251022"/>
   <element name="glow01" layername="glo" frame="0" z_index="10" m_a="0.944054" m_b="-0.025248" m_c="0.027991" m_d="1.046589" m_tx="51.166359" m_ty="-70.233665"/>
   <element name="hat01" layername="ha" frame="1" z_index="11" m_a="1.000000" m_b="0.000000" m_c="0.000000" m_d="1.000000" m_tx="0.000000" m_ty="0.000000"/>
   <element name="float_top" layername="float_top" frame="3" z_index="12" m_a="0.887619" m_b="-0.460541" m_c="0.460541" m_d="0.887619" m_tx="-102.482635" m_ty="-219.577057"/>
  </frame>
  <frame idx="250" w="293" h="681" x="-24.774574" y="-184.914825">
   <element name="glow01" layername="glo" frame="3" z_index="9" m_a="1.053431" m_b="0.000000" m_c="0.000000" m_d="1.053431" m_tx="27.723072" m_ty="-54.072758"/>
   <element name="glow01" layername="glo" frame="0" z_index="10" m_a="0.954669" m_b="-0.023486" m_c="0.025844" m_d="1.050481" m_tx="51.225746" m_ty="-70.416901"/>
   <element name="hat01" layername="ha" frame="1" z_index="11" m_a="1.000000" m_b="0.000000" m_c="0.000000" m_d="1.000000" m_tx="0.000000" m_ty="0.000000"/>
   <element name="float_top" layername="float_top" frame="3" z_index="12" m_a="0.887619" m_b="-0.460541" m_c="0.460541" m_d="0.887619" m_tx="-104.645821" m_ty="-222.191223"/>
  </frame>
  <frame idx="275" w="293" h="636" x="-24.506668" y="-171.140686">
   <element name="glow01" layername="glo" frame="3" z_index="9" m_a="1.059002" m_b="0.000000" m_c="0.000000" m_d="1.059002" m_tx="27.454254" m_ty="-53.923889"/>
   <element name="glow01" layername="glo" frame="0" z_index="10" m_a="0.963530" m_b="-0.021980" m_c="0.024038" m_d="1.053729" m_tx="51.275345" m_ty="-70.569931"/>
   <element name="hat01" layername="ha" frame="1" z_index="11" m_a="1.000000" m_b="0.000000" m_c="0.000000" m_d="1.000000" m_tx="0.000000" m_ty="0.000000"/>
   <element name="float_top" layername="float_top" frame="4" z_index="12" m_a="0.887619" m_b="-0.460541" m_c="0.460541" m_d="0.887619" m_tx="-106.676041" m_ty="-224.724564"/>
  </frame>
  <frame idx="300" w="293" h="636" x="-24.506668" y="-171.140686">
   <element name="glow01" layername="glo" frame="3" z_index="9" m_a="1.063260" m_b="0.000000" m_c="0.000000" m_d="1.063260" m_tx="27.248800" m_ty="-53.810101"/>
   <element name="glow01" layername="glo" frame="0" z_index="10" m_a="0.970302" m_b="-0.020807" m_c="0.022650" m_d="1.056207" m_tx="51.313301" m_ty="-70.686897"/>
   <element name="hat01" layername="ha" frame="1" z_index="11" m_a="1.000000" m_b="0.000000" m_c="0.000000" m_d="1.000000" m_tx="0.000000" m_ty="0.000000"/>
   <element name="float_top" layername="float_top" frame="4" z_index="12" m_a="0.887619" m_b="-0.460541" m_c="0.460541" m_d="0.887619" m_tx="-106.676041" m_ty="-224.724564"/>
  </frame>
  <frame idx="325" w="294" h="633" x="-24.952492" y="-170.005066">
   <element name="glow01" layername="glo" frame="3" z_index="9" m_a="1.065576" m_b="0.000000" m_c="0.000000" m_d="1.065576" m_tx="27.137110" m_ty="-53.748264"/>
   <element name="glow01" layername="glo" frame="0" z_index="10" m_a="0.973981" m_b="-0.020163" m_c="0.021893" m_d="1.057554" m_tx="51.333889" m_ty="-70.750427"/>
   <element name="hat01" layername="ha" frame="1" z_index="11" m_a="1.000000" m_b="0.000000" m_c="0.000000" m_d="1.000000" m_tx="0.000000" m_ty="0.000000"/>
   <element name="float_top" layername="float_top" frame="4" z_index="12" m_a="0.887619" m_b="-0.460541" m_c="0.460541" m_d="0.887619" m_tx="-107.567680" m_ty="-222.453308"/>
  </frame>
  <frame idx="350" w="290" h="641" x="-23.659157" y="-172.529663">
   <element name="glow01" layername="glo" frame="3" z_index="9" m_a="1.066880" m_b="0.000000" m_c="0.000000" m_d="1.066880" m_tx="27.074162" m_ty="-53.713394"/>
   <element name="glow01" layername="glo" frame="0" z_index="10" m_a="0.976055" m_b="-0.019797" m_c="0.021465" m_d="1.058314" m_tx="51.345516" m_ty="-70.786247"/>
   <element name="hat01" layername="ha" frame="1" z_index="11" m_a="1.000000" m_b="0.000000" m_c="0.000000" m_d="1.000000" m_tx="0.000000" m_ty="0.000000"/>
   <element name="float_top" layername="float_top" frame="5" z_index="12" m_a="0.887619" m_b="-0.460541" m_c="0.460541" m_d="0.887619" m_tx="-107.819199" m_ty="-221.644318"/>
  </frame>
  <frame idx="375" w="290" h="641" x="-23.664825" y="-172.348114">
   <element name="glow01" layername="glo" frame="3" z_index="9" m_a="1.067184" m_b="0.000000" m_c="0.000000" m_d="1.067184" m_tx="27.059502" m_ty="-53.705261"/>
   <element name="glow01" layername="glo" frame="0" z_index="10" m_a="0.976539" m_b="-0.019711" m_c="0.021365" m_d="1.058490" m_tx="51.348255" m_ty="-70.794594"/>
   <element name="hat01" layername="ha" frame="1" z_index="11" m_a="1.000000" m_b="0.000000" m_c="0.000000" m_d="1.000000" m_tx="0.000000" m_ty="0.000000"/>
   <element name="float_top" layername="float_top" frame="5" z_index="12" m_a="0.887619" m_b="-0.460541" m_c="0.460541" m_d="0.887619" m_tx="-107.830528" m_ty="-221.281265"/>
  </frame>
  <frame idx="400" w="290" h="646" x="-23.501503" y="-174.296051">
   <element name="glow01" layername="glo" frame="3" z_index="9" m_a="1.066570" m_b="0.000000" m_c="0.000000" m_d="1.066570" m_tx="27.089199" m_ty="-53.721699"/>
   <element name="glow01" layername="glo" frame="0" z_index="10" m_a="0.975559" m_b="-0.019884" m_c="0.021567" m_d="1.058130" m_tx="51.342800" m_ty="-70.777702"/>
   <element name="hat01" layername="ha" frame="1" z_index="11" m_a="1.000000" m_b="0.000000" m_c="0.000000" m_d="1.000000" m_tx="0.000000" m_ty="0.000000"/>
   <element name="float_top" layername="float_top" frame="6" z_index="12" m_a="0.887619" m_b="-0.460541" m_c="0.460541" m_d="0.887619" m_tx="-107.902969" m_ty="-220.060257"/>
  </frame>
  <frame idx="425" w="290" h="646" x="-23.501503" y="-174.296051">
   <element name="glow01" layername="glo" frame="3" z_index="9" m_a="1.064644" m_b="0.000000" m_c="0.000000" m_d="1.064644" m_tx="27.182068" m_ty="-53.773170"/>
   <element name="glow01" layername="glo" frame="0" z_index="10" m_a="0.972500" m_b="-0.020423" m_c="0.022198" m_d="1.057007" m_tx="51.325596" m_ty="-70.724838"/>
   <element name="hat01" layername="ha" frame="1" z_index="11" m_a="1.000000" m_b="0.000000" m_c="0.000000" m_d="1.000000" m_tx="0.000000" m_ty="0.000000"/>
   <element name="float_top" layername="float_top" frame="6" z_index="12" m_a="0.887619" m_b="-0.460541" m_c="0.460541" m_d="0.887619" m_tx="-107.902969" m_ty="-220.060257"/>
  </frame>
  <frame idx="450" w="289" h="647" x="-23.456055" y="-174.511505">
   <element name="glow01" layername="glo" frame="3" z_index="9" m_a="1.061691" m_b="0.000000" m_c="0.000000" m_d="1.061691" m_tx="27.324591" m_ty="-53.852112"/>
   <element name="glow01" layername="glo" frame="0" z_index="10" m_a="0.967804" m_b="-0.021242" m_c="0.023163" m_d="1.055286" m_tx="51.299278" m_ty="-70.643692"/>
   <element name="hat01" layername="ha" frame="1" z_index="11" m_a="1.000000" m_b="0.000000" m_c="0.000000" m_d="1.000000" m_tx="0.000000" m_ty="0.000000"/>
   <element name="float_top" layername="float_top" frame="6" z_index="12" m_a="0.887619" m_b="-0.460541" m_c="0.460541" m_d="0.887619" m_tx="-107.812080" m_ty="-220.491165"/>
  </frame>
  <frame idx="475" w="286" h="648" x="-22.494896" y="-174.746948">
   <element name="glow01" layername="glo" frame="3" z_index="9" m_a="1.057634" m_b="0.000000" m_c="0.000000" m_d="1.057634" m_tx="27.520330" m_ty="-53.960522"/>
   <element name="glow01" layername="glo" frame="0" z_index="10" m_a="0.961353" m_b="-0.022353" m_c="0.024483" m_d="1.052925" m_tx="51.263161" m_ty="-70.532265"/>
   <element name="hat01" layername="ha" frame="1" z_index="11" m_a="1.000000" m_b="0.000000" m_c="0.000000" m_d="1.000000" m_tx="0.000000" m_ty="0.000000"/>
   <element name="float_top" layername="float_top" frame="7" z_index="12" m_a="0.887619" m_b="-0.460541" m_c="0.460541" m_d="0.887619" m_tx="-107.339798" m_ty="-221.100327"/>
  </frame>
  <frame idx="500" w="286" h="648" x="-22.494896" y="-174.746948">
   <element name="glow01" layername="glo" frame="3" z_index="9" m_a="1.052460" m_b="0.000000" m_c="0.000000" m_d="1.052460" m_tx="27.769800" m_ty="-54.098701"/>
   <element name="glow01" layername="glo" frame="0" z_index="10" m_a="0.953127" m_b="-0.023745" m_c="0.026156" m_d="1.049914" m_tx="51.217098" m_ty="-70.390297"/>
   <element name="hat01" layername="ha" frame="1" z_index="11" m_a="1.000000" m_b="0.000000" m_c="0.000000" m_d="1.000000" m_tx="0.000000" m_ty="0.000000"/>
   <element name="float_top" layername="float_top" frame="7" z_index="12" m_a="0.887619" m_b="-0.460541" m_c="0.460541" m_d="0.887619" m_tx="-107.339798" m_ty="-221.100327"/>
  </frame>
  <frame idx="525" w="271" h="660" x="-17.927292" y="-178.573151">
   <element name="glow01" layername="glo" frame="3" z_index="9" m_a="1.046004" m_b="0.000000" m_c="0.000000" m_d="1.046004" m_tx="28.081198" m_ty="-54.271126"/>
   <element name="glow01" layername="glo" frame="0" z_index="10" m_a="0.942859" m_b="-0.025444" m_c="0.028232" m_d="1.046153" m_tx="51.159599" m_ty="-70.213020"/>
   <element name="hat01" layername="ha" frame="1" z_index="11" m_a="1.000000" m_b="0.000000" m_c="0.000000" m_d="1.000000" m_tx="0.000000" m_ty="0.000000"/>
   <element name="float_top" layername="float_top" frame="7" z_index="12" m_a="0.887619" m_b="-0.460541" m_c="0.460541" m_d="0.887619" m_tx="-98.204590" m_ty="-228.752731"/>
  </frame>
  <frame idx="550" w="277" h="619" x="-19.771759" y="-165.935394">
   <element name="glow01" layername="glo" frame="3" z_index="9" m_a="1.038836" m_b="0.000000" m_c="0.000000" m_d="1.038836" m_tx="28.426851" m_ty="-54.462555"/>
   <element name="glow01" layername="glo" frame="0" z_index="10" m_a="0.931457" m_b="-0.027280" m_c="0.030517" m_d="1.041970" m_tx="51.095798" m_ty="-70.016258"/>
   <element name="hat01" layername="ha" frame="1" z_index="11" m_a="1.000000" m_b="0.000000" m_c="0.000000" m_d="1.000000" m_tx="0.000000" m_ty="0.000000"/>
   <element name="float_top" layername="float_top" frame="8" z_index="12" m_a="0.887619" m_b="-0.460541" m_c="0.460541" m_d="0.887619" m_tx="-96.518494" m_ty="-230.373535"/>
  </frame>
  <frame idx="575" w="277" h="619" x="-19.553017" y="-165.881500">
   <element name="glow01" layername="glo" frame="3" z_index="9" m_a="1.031268" m_b="0.000000" m_c="0.000000" m_d="1.031268" m_tx="28.791775" m_ty="-54.664677"/>
   <element name="glow01" layername="glo" frame="0" z_index="10" m_a="0.919416" m_b="-0.029162" m_c="0.032909" m_d="1.037547" m_tx="51.028450" m_ty="-69.808525"/>
   <element name="hat01" layername="ha" frame="1" z_index="11" m_a="1.000000" m_b="0.000000" m_c="0.000000" m_d="1.000000" m_tx="0.000000" m_ty="0.000000"/>
   <element name="float_top" layername="float_top" frame="8" z_index="12" m_a="0.887619" m_b="-0.460541" m_c="0.460541" m_d="0.887619" m_tx="-96.081009" m_ty="-230.265762"/>
  </frame>
  <frame idx="600" w="277" h="630" x="-19.784470" y="-169.046387">
   <element name="glow01" layername="glo" frame="3" z_index="9" m_a="1.023700" m_b="0.000000" m_c="0.000000" m_d="1.023700" m_tx="29.156700" m_ty="-54.866798"/>
   <element name="glow01" layername="glo" frame="0" z_index="10" m_a="0.907371" m_b="-0.030985" m_c="0.035280" m_d="1.033118" m_tx="50.961102" m_ty="-69.600800"/>
   <element name="hat01" layername="ha" frame="1" z_index="11" m_a="1.000000" m_b="0.000000" m_c="0.000000" m_d="1.000000" m_tx="0.000000" m_ty="0.000000"/>
   <element name="float_top" layername="float_top" frame="9" z_index="12" m_a="0.887619" m_b="-0.460541" m_c="0.460541" m_d="0.887619" m_tx="-94.631424" m_ty="-230.010071"/>
  </frame>
  <frame idx="625" w="277" h="630" x="-19.784470" y="-169.046387">
   <element name="glow01" layername="glo" frame="3" z_index="9" m_a="1.017244" m_b="0.000000" m_c="0.000000" m_d="1.017244" m_tx="29.468098" m_ty="-55.039227"/>
   <element name="glow01" layername="glo" frame="0" z_index="10" m_a="0.897090" m_b="-0.032495" m_c="0.037286" m_d="1.029339" m_tx="50.903599" m_ty="-69.423523"/>
   <element name="hat01" layername="ha" frame="1" z_index="11" m_a="1.000000" m_b="0.000000" m_c="0.000000" m_d="1.000000" m_tx="0.000000" m_ty="0.000000"/>
   <element name="float_top" layername="float_top" frame="9" z_index="12" m_a="0.887619" m_b="-0.460541" m_c="0.460541" m_d="0.887619" m_tx="-94.631424" m_ty="-230.010071"/>
  </frame>
  <frame idx="650" w="283" h="625" x="-21.741554" y="-167.939453">
   <element name="glow01" layername="glo" frame="3" z_index="9" m_a="1.011613" m_b="0.000000" m_c="0.000000" m_d="1.011613" m_tx="29.739861" m_ty="-55.189735"/>
   <element name="glow01" layername="glo" frame="0" z_index="10" m_a="0.888116" m_b="-0.033778" m_c="0.039024" m_d="1.026033" m_tx="50.853420" m_ty="-69.268845"/>
   <element name="hat01" layername="ha" frame="1" z_index="11" m_a="1.000000" m_b="0.000000" m_c="0.000000" m_d="1.000000" m_tx="0.000000" m_ty="0.000000"/>
   <element name="float_top" layername="float_top" frame="9" z_index="12" m_a="0.887619" m_b="-0.460541" m_c="0.460541" m_d="0.887619" m_tx="-98.545601" m_ty="-227.796219"/>
  </frame>
  <frame idx="675" w="290" h="647" x="-23.635353" y="-174.427917">
   <element name="glow01" layername="glo" frame="3" z_index="9" m_a="1.006968" m_b="0.000000" m_c="0.000000" m_d="1.006968" m_tx="29.964046" m_ty="-55.313904"/>
   <element name="glow01" layername="glo" frame="0" z_index="10" m_a="0.880712" m_b="-0.034812" m_c="0.040449" m_d="1.023301" m_tx="50.812042" m_ty="-69.141243"/>
   <element name="hat01" layername="ha" frame="1" z_index="11" m_a="1.000000" m_b="0.000000" m_c="0.000000" m_d="1.000000" m_tx="0.000000" m_ty="0.000000"/>
   <element name="float_top" layername="float_top" frame="10" z_index="12" m_a="0.887619" m_b="-0.460541" m_c="0.460541" m_d="0.887619" m_tx="-102.845665" m_ty="-225.391174"/>
  </frame>
  <frame idx="700" w="290" h="647" x="-23.635353" y="-174.427917">
   <element name="glow01" layername="glo" frame="3" z_index="9" m_a="1.003430" m_b="0.000000" m_c="0.000000" m_d="1.003430" m_tx="30.134501" m_ty="-55.408298"/>
   <element name="glow01" layername="glo" frame="0" z_index="10" m_a="0.875082" m_b="-0.035584" m_c="0.041526" m_d="1.021226" m_tx="50.780602" m_ty="-69.044197"/>
   <element name="hat01" layername="ha" frame="1" z_index="11" m_a="1.000000" m_b="0.000000" m_c="0.000000" m_d="1.000000" m_tx="0.000000" m_ty="0.000000"/>
   <element name="float_top" layername="float_top" frame="10" z_index="12" m_a="0.887619" m_b="-0.460541" m_c="0.460541" m_d="0.887619" m_tx="-102.845665" m_ty="-225.391174"/>
  </frame>
  <frame idx="725" w="288" h="646" x="-22.831184" y="-174.054901">
   <element name="glow01" layername="glo" frame="3" z_index="9" m_a="1.001504" m_b="0.000000" m_c="0.000000" m_d="1.001504" m_tx="30.227367" m_ty="-55.459770"/>
   <element name="glow01" layername="glo" frame="0" z_index="10" m_a="0.872014" m_b="-0.035999" m_c="0.042112" m_d="1.020098" m_tx="50.763393" m_ty="-68.991333"/>
   <element name="hat01" layername="ha" frame="1" z_index="11" m_a="1.000000" m_b="0.000000" m_c="0.000000" m_d="1.000000" m_tx="0.000000" m_ty="0.000000"/>
   <element name="float_top" layername="float_top" frame="10" z_index="12" m_a="0.887619" m_b="-0.460541" m_c="0.460541" m_d="0.887619" m_tx="-101.237328" m_ty="-224.645126"/>
  </frame>
  <frame idx="750" w="293" h="656" x="-24.490730" y="-177.090485">
   <element name="glow01" layername="glo" frame="3" z_index="9" m_a="1.000417" m_b="0.000000" m_c="0.000000" m_d="1.000417" m_tx="30.279806" m_ty="-55.488819"/>
   <element name="glow01" layername="glo" frame="0" z_index="10" m_a="0.870282" m_b="-0.036231" m_c="0.042442" m_d="1.019459" m_tx="50.753708" m_ty="-68.961487"/>
   <element name="hat01" layername="ha" frame="1" z_index="11" m_a="1.000000" m_b="0.000000" m_c="0.000000" m_d="1.000000" m_tx="0.000000" m_ty="0.000000"/>
   <element name="float_top" layername="float_top" frame="11" z_index="12" m_a="0.887619" m_b="-0.460541" m_c="0.460541" m_d="0.887619" m_tx="-100.606407" m_ty="-224.377991"/>
  </frame>
  <frame idx="775" w="293" h="656" x="-24.490730" y="-177.090485">
   <element name="glow01" layername="glo" frame="3" z_index="9" m_a="1.000000" m_b="0.000000" m_c="0.000000" m_d="1.000000" m_tx="30.299999" m_ty="-55.500000"/>
   <element name="glow01" layername="glo" frame="0" z_index="10" m_a="0.869614" m_b="-0.036321" m_c="0.042569" m_d="1.019211" m_tx="50.750000" m_ty="-68.949997"/>
   <element name="hat01" layername="ha" frame="1" z_index="11" m_a="1.000000" m_b="0.000000" m_c="0.000000" m_d="1.000000" m_tx="0.000000" m_ty="0.000000"/>
   <element name="float_top" layername="float_top" frame="11" z_index="12" m_a="0.887619" m_b="-0.460541" m_c="0.460541" m_d="0.887619" m_tx="-100.606407" m_ty="-224.377991"/>
  </frame>
 </anim>
 <anim name="idle3" root="lunarplanthat" numframes="800" framerate="40">
  <frame idx="0" w="365" h="572" x="-10.612549" y="-194.000031">
   <element name="hat01" layername="ha" frame="2" z_index="11" m_a="1.000000" m_b="0.000000" m_c="0.000000" m_d="1.000000" m_tx="0.000000" m_ty="0.000000"/>
   <element name="float_top" layername="float_top" frame="0" z_index="12" m_a="-1.000000" m_b="0.000000" m_c="0.000000" m_d="1.000000" m_tx="-10.500000" m_ty="-239.399994"/>
  </frame>
  <frame idx="25" w="365" h="572" x="-10.612549" y="-194.000031">
   <element name="hat01" layername="ha" frame="2" z_index="11" m_a="1.000000" m_b="0.000000" m_c="0.000000" m_d="1.000000" m_tx="0.000000" m_ty="0.000000"/>
   <element name="float_top" layername="float_top" frame="0" z_index="12" m_a="-1.000000" m_b="0.000000" m_c="0.000000" m_d="1.000000" m_tx="-10.500000" m_ty="-239.399994"/>
  </frame>
  <frame idx="50" w="365" h="571" x="-10.528809" y="-193.594391">
   <element name="hat01" layername="ha" frame="2" z_index="11" m_a="1.000000" m_b="0.000000" m_c="0.000000" m_d="1.000000" m_tx="0.000000" m_ty="0.000000"/>
   <element name="float_top" layername="float_top" frame="0" z_index="12" m_a="-1.000000" m_b="0.000000" m_c="0.000000" m_d="1.000000" m_tx="-10.332523" m_ty="-238.588730"/>
  </frame>
  <frame idx="75" w="363" h="577" x="-10.267136" y="-195.233337">
   <element name="hat01" layername="ha" frame="2" z_index="11" m_a="1.000000" m_b="0.000000" m_c="0.000000" m_d="1.000000" m_tx="0.000000" m_ty="0.000000"/>
   <element name="float_top" layername="float_top" frame="1" z_index="12" m_a="-1.000000" m_b="0.000000" m_c="0.000000" m_d="1.000000" m_tx="-10.154580" m_ty="-237.691650"/>
  </frame>
  <frame idx="100" w="363" h="577" x="-10.267136" y="-195.233337">
   <element name="hat01" layername="ha" frame="2" z_index="11" m_a="1.000000" m_b="0.000000" m_c="0.000000" m_d="1.000000" m_tx="0.000000" m_ty="0.000000"/>
   <element name="float_top" layername="float_top" frame="1" z_index="12" m_a="-1.000000" m_b="0.000000" m_c="0.000000" m_d="1.000000" m_tx="-10.154580" m_ty="-237.691650"/>
  </frame>
  <frame idx="125" w="363" h="575" x="-10.162857" y="-194.475159">
   <element name="hat01" layername="ha" frame="2" z_index="11" m_a="1.000000" m_b="0.000000" m_c="0.000000" m_d="1.000000" m_tx="0.000000" m_ty="0.000000"/>
   <element name="float_top" layername="float_top" frame="1" z_index="12" m_a="-1.000000" m_b="0.000000" m_c="0.000000" m_d="1.000000" m_tx="-9.946028" m_ty="-236.175293"/>
  </frame>
  <frame idx="150" w="358" h="581" x="-8.589706" y="-196.466644">
   <element name="hat01" layername="ha" frame="2" z_index="11" m_a="1.000000" m_b="0.000000" m_c="0.000000" m_d="1.000000" m_tx="0.000000" m_ty="0.000000"/>
   <element name="float_top" layername="float_top" frame="2" z_index="12" m_a="-1.000000" m_b="0.000000" m_c="0.000000" m_d="1.000000" m_tx="-9.881985" m_ty="-235.551926"/>
  </frame>
  <frame idx="175" w="357" h="580" x="-8.282135" y="-196.347870">
   <element name="hat01" layername="ha" frame="2" z_index="11" m_a="1.000000" m_b="0.000000" m_c="0.000000" m_d="1.000000" m_tx="0.000000" m_ty="0.000000"/>
   <element name="float_top" layername="float_top" frame="2" z_index="12" m_a="-1.000000" m_b="0.000000" m_c="0.000000" m_d="1.000000" m_tx="-9.266840" m_ty="-235.314392"/>
  </frame>
  <frame idx="200" w="345" h="586" x="-4.575043" y="-197.699936">
   <element name="hat01" layername="ha" frame="2" z_index="11" m_a="1.000000" m_b="0.000000" m_c="0.000000" m_d="1.000000" m_tx="0.000000" m_ty="0.000000"/>
   <element name="float_top" layername="float_top" frame="3" z_index="12" m_a="-1.000000" m_b="0.000000" m_c="0.000000" m_d="1.000000" m_tx="-7.457207" m_ty="-234.474884"/>
  </frame>
  <frame idx="225" w="345" h="586" x="-4.575043" y="-197.699936">
   <element name="hat01" layername="ha" frame="2" z_index="11" m_a="1.000000" m_b="0.000000" m_c="0.000000" m_d="1.000000" m_tx="0.000000" m_ty="0.000000"/>
   <element name="float_top" layername="float_top" frame="3" z_index="12" m_a="-1.000000" m_b="0.000000" m_c="0.000000" m_d="1.000000" m_tx="-7.457207" m_ty="-234.474884"/>
  </frame>
  <frame idx="250" w="345" h="591" x="-4.575043" y="-199.358307">
   <element name="hat01" layername="ha" frame="2" z_index="11" m_a="1.000000" m_b="0.000000" m_c="0.000000" m_d="1.000000" m_tx="0.000000" m_ty="0.000000"/>
   <element name="float_top" layername="float_top" frame="3" z_index="12" m_a="-1.000000" m_b="0.000000" m_c="0.000000" m_d="1.000000" m_tx="-6.741029" m_ty="-237.791626"/>
  </frame>
  <frame idx="275" w="345" h="548" x="-4.575043" y="-186.600189">
   <element name="hat01" layername="ha" frame="2" z_index="11" m_a="1.000000" m_b="0.000000" m_c="0.000000" m_d="1.000000" m_tx="0.000000" m_ty="0.000000"/>
   <element name="float_top" layername="float_top" frame="4" z_index="12" m_a="-1.000000" m_b="0.000000" m_c="0.000000" m_d="1.000000" m_tx="-6.105644" m_ty="-240.975372"/>
  </frame>
  <frame idx="300" w="345" h="548" x="-4.575043" y="-186.600189">
   <element name="hat01" layername="ha" frame="2" z_index="11" m_a="1.000000" m_b="0.000000" m_c="0.000000" m_d="1.000000" m_tx="0.000000" m_ty="0.000000"/>
   <element name="float_top" layername="float_top" frame="4" z_index="12" m_a="-1.000000" m_b="0.000000" m_c="0.000000" m_d="1.000000" m_tx="-6.105644" m_ty="-240.975372"/>
  </frame>
  <frame idx="325" w="345" h="546" x="-4.575043" y="-185.797485">
   <element name="hat01" layername="ha" frame="2" z_index="11" m_a="1.000000" m_b="0.000000" m_c="0.000000" m_d="1.000000" m_tx="0.000000" m_ty="0.000000"/>
   <element name="float_top" layername="float_top" frame="4" z_index="12" m_a="-1.000000" m_b="0.000000" m_c="0.000000" m_d="1.000000" m_tx="-4.268145" m_ty="-239.369949"/>
  </frame>
  <frame idx="350" w="345" h="555" x="-4.575043" y="-188.655701">
   <element name="hat01" layername="ha" frame="2" z_index="11" m_a="1.000000" m_b="0.000000" m_c="0.000000" m_d="1.000000" m_tx="0.000000" m_ty="0.000000"/>
   <element name="float_top" layername="float_top" frame="5" z_index="12" m_a="-1.000000" m_b="0.000000" m_c="0.000000" m_d="1.000000" m_tx="-3.672296" m_ty="-238.767670"/>
  </frame>
  <frame idx="375" w="345" h="555" x="-4.575043" y="-188.497177">
   <element name="hat01" layername="ha" frame="2" z_index="11" m_a="1.000000" m_b="0.000000" m_c="0.000000" m_d="1.000000" m_tx="0.000000" m_ty="0.000000"/>
   <element name="float_top" layername="float_top" frame="5" z_index="12" m_a="-1.000000" m_b="0.000000" m_c="0.000000" m_d="1.000000" m_tx="-3.495029" m_ty="-238.450638"/>
  </frame>
  <frame idx="400" w="345" h="560" x="-4.575043" y="-190.300110">
   <element name="hat01" layername="ha" frame="2" z_index="11" m_a="1.000000" m_b="0.000000" m_c="0.000000" m_d="1.000000" m_tx="0.000000" m_ty="0.000000"/>
   <element name="float_top" layername="float_top" frame="6" z_index="12" m_a="-1.000000" m_b="0.000000" m_c="0.000000" m_d="1.000000" m_tx="-2.868391" m_ty="-237.400177"/>
  </frame>
  <frame idx="425" w="345" h="560" x="-4.575043" y="-190.300110">
   <element name="hat01" layername="ha" frame="2" z_index="11" m_a="1.000000" m_b="0.000000" m_c="0.000000" m_d="1.000000" m_tx="0.000000" m_ty="0.000000"/>
   <element name="float_top" layername="float_top" frame="6" z_index="12" m_a="-1.000000" m_b="0.000000" m_c="0.000000" m_d="1.000000" m_tx="-2.868391" m_ty="-237.400177"/>
  </frame>
  <frame idx="450" w="345" h="561" x="-4.575043" y="-190.470428">
   <element name="hat01" layername="ha" frame="2" z_index="11" m_a="1.000000" m_b="0.000000" m_c="0.000000" m_d="1.000000" m_tx="0.000000" m_ty="0.000000"/>
   <element name="float_top" layername="float_top" frame="6" z_index="12" m_a="-1.000000" m_b="0.000000" m_c="0.000000" m_d="1.000000" m_tx="-3.147525" m_ty="-237.740814"/>
  </frame>
  <frame idx="475" w="345" h="566" x="-4.575043" y="-191.944519">
   <element name="hat01" layername="ha" frame="2" z_index="11" m_a="1.000000" m_b="0.000000" m_c="0.000000" m_d="1.000000" m_tx="0.000000" m_ty="0.000000"/>
   <element name="float_top" layername="float_top" frame="7" z_index="12" m_a="-1.000000" m_b="0.000000" m_c="0.000000" m_d="1.000000" m_tx="-3.847300" m_ty="-238.064011"/>
  </frame>
  <frame idx="500" w="345" h="566" x="-4.575043" y="-191.944519">
   <element name="hat01" layername="ha" frame="2" z_index="11" m_a="1.000000" m_b="0.000000" m_c="0.000000" m_d="1.000000" m_tx="0.000000" m_ty="0.000000"/>
   <element name="float_top" layername="float_top" frame="7" z_index="12" m_a="-1.000000" m_b="0.000000" m_c="0.000000" m_d="1.000000" m_tx="-3.847300" m_ty="-238.064011"/>
  </frame>
  <frame idx="525" w="345" h="570" x="-4.575043" y="-193.237198">
   <element name="hat01" layername="ha" frame="2" z_index="11" m_a="1.000000" m_b="0.000000" m_c="0.000000" m_d="1.000000" m_tx="0.000000" m_ty="0.000000"/>
   <element name="float_top" layername="float_top" frame="7" z_index="12" m_a="-1.000000" m_b="0.000000" m_c="0.000000" m_d="1.000000" m_tx="-15.480526" m_ty="-240.649384"/>
  </frame>
  <frame idx="550" w="345" h="543" x="-4.575043" y="-184.955795">
   <element name="hat01" layername="ha" frame="2" z_index="11" m_a="1.000000" m_b="0.000000" m_c="0.000000" m_d="1.000000" m_tx="0.000000" m_ty="0.000000"/>
   <element name="float_top" layername="float_top" frame="8" z_index="12" m_a="-1.000000" m_b="0.000000" m_c="0.000000" m_d="1.000000" m_tx="-17.723656" m_ty="-241.311554"/>
  </frame>
  <frame idx="575" w="345" h="543" x="-4.575043" y="-184.807220">
   <element name="hat01" layername="ha" frame="2" z_index="11" m_a="1.000000" m_b="0.000000" m_c="0.000000" m_d="1.000000" m_tx="0.000000" m_ty="0.000000"/>
   <element name="float_top" layername="float_top" frame="8" z_index="12" m_a="-1.000000" m_b="0.000000" m_c="0.000000" m_d="1.000000" m_tx="-18.062357" m_ty="-241.014404"/>
  </frame>
  <frame idx="600" w="345" h="552" x="-4.575043" y="-187.422394">
   <element name="hat01" layername="ha" frame="2" z_index="11" m_a="1.000000" m_b="0.000000" m_c="0.000000" m_d="1.000000" m_tx="0.000000" m_ty="0.000000"/>
   <element name="float_top" layername="float_top" frame="9" z_index="12" m_a="-1.000000" m_b="0.000000" m_c="0.000000" m_d="1.000000" m_tx="-19.231319" m_ty="-240.119827"/>
  </frame>
  <frame idx="625" w="345" h="552" x="-4.575043" y="-187.422394">
   <element name="hat01" layername="ha" frame="2" z_index="11" m_a="1.000000" m_b="0.000000" m_c="0.000000" m_d="1.000000" m_tx="0.000000" m_ty="0.000000"/>
   <element name="float_top" layername="float_top" frame="9" z_index="12" m_a="-1.000000" m_b="0.000000" m_c="0.000000" m_d="1.000000" m_tx="-19.231319" m_ty="-240.119827"/>
  </frame>
  <frame idx="650" w="345" h="550" x="-4.575043" y="-187.341187">
   <element name="hat01" layername="ha" frame="2" z_index="11" m_a="1.000000" m_b="0.000000" m_c="0.000000" m_d="1.000000" m_tx="0.000000" m_ty="0.000000"/>
   <element name="float_top" layername="float_top" frame="9" z_index="12" m_a="-1.000000" m_b="0.000000" m_c="0.000000" m_d="1.000000" m_tx="-14.737299" m_ty="-239.957397"/>
  </frame>
  <frame idx="675" w="345" h="559" x="-4.575043" y="-189.889008">
   <element name="hat01" layername="ha" frame="2" z_index="11" m_a="1.000000" m_b="0.000000" m_c="0.000000" m_d="1.000000" m_tx="0.000000" m_ty="0.000000"/>
   <element name="float_top" layername="float_top" frame="10" z_index="12" m_a="-1.000000" m_b="0.000000" m_c="0.000000" m_d="1.000000" m_tx="-9.812695" m_ty="-239.802979"/>
  </frame>
  <frame idx="700" w="345" h="559" x="-4.575043" y="-189.889008">
   <element name="hat01" layername="ha" frame="2" z_index="11" m_a="1.000000" m_b="0.000000" m_c="0.000000" m_d="1.000000" m_tx="0.000000" m_ty="0.000000"/>
   <element name="float_top" layername="float_top" frame="10" z_index="12" m_a="-1.000000" m_b="0.000000" m_c="0.000000" m_d="1.000000" m_tx="-9.812695" m_ty="-239.802979"/>
  </frame>
  <frame idx="725" w="345" h="557" x="-4.575043" y="-189.187531">
   <element name="hat01" layername="ha" frame="2" z_index="11" m_a="1.000000" m_b="0.000000" m_c="0.000000" m_d="1.000000" m_tx="0.000000" m_ty="0.000000"/>
   <element name="float_top" layername="float_top" frame="10" z_index="12" m_a="-1.000000" m_b="0.000000" m_c="0.000000" m_d="1.000000" m_tx="-10.896736" m_ty="-238.400024"/>
  </frame>
  <frame idx="750" w="351" h="563" x="-6.529404" y="-190.711197">
   <element name="hat01" layername="ha" frame="2" z_index="11" m_a="1.000000" m_b="0.000000" m_c="0.000000" m_d="1.000000" m_tx="0.000000" m_ty="0.000000"/>
   <element name="float_top" layername="float_top" frame="11" z_index="12" m_a="-1.000000" m_b="0.000000" m_c="0.000000" m_d="1.000000" m_tx="-11.333744" m_ty="-237.872330"/>
  </frame>
  <frame idx="775" w="351" h="563" x="-6.529404" y="-190.711197">
   <element name="hat01" layername="ha" frame="2" z_index="11" m_a="1.000000" m_b="0.000000" m_c="0.000000" m_d="1.000000" m_tx="0.000000" m_ty="0.000000"/>
   <element name="float_top" layername="float_top" frame="11" z_index="12" m_a="-1.000000" m_b="0.000000" m_c="0.000000" m_d="1.000000" m_tx="-11.333744" m_ty="-237.872330"/>
  </frame>
 </anim>
</Anims>
